{"is_source_file": true, "format": "Python", "description": "This file sets up a FastAPI server with CORS middleware and a health check endpoint at root.", "external_files": ["fastapi", "fastapi.middleware.cors"], "external_methods": ["FastAPI", "CORSMiddleware"], "published": ["app"], "classes": [], "methods": [{"name": "health_check()", "description": "Function that returns a health status message for the API.", "scope": "", "scopeKind": ""}], "calls": ["FastAPI()", "app.add_middleware()", "CORSMiddleware()"], "search-terms": ["FastAPI", "CORS", "health check endpoint", "api setup", "main.py"], "state": 2, "file_id": 4, "knowledge_revision": 9, "git_revision": "cc35aca3a25c2be6124c782fb5d0ffa204fbf2c0", "ctags": [{"_type": "tag", "name": "app", "path": "/home/kavia/workspace/code-generation/health-metrics-pro-201512-201523/bmi_backend/src/api/main.py", "pattern": "/^app = FastAPI()$/", "language": "Python", "kind": "variable"}, {"_type": "tag", "name": "health_check", "path": "/home/kavia/workspace/code-generation/health-metrics-pro-201512-201523/bmi_backend/src/api/main.py", "pattern": "/^def health_check():$/", "language": "Python", "kind": "function", "signature": "()"}], "hash": "58352bf5f133908bab16643199aa483d", "format-version": 4, "code-base-name": "bmi_backend", "filename": "bmi_backend/src/api/main.py", "fields": [{"name": "app = FastAPI()", "scope": "", "scopeKind": "", "description": "unavailable"}], "revision_history": [{"9": "cc35aca3a25c2be6124c782fb5d0ffa204fbf2c0"}]}